sent_id	sent_vector
1	[-0.032720562, 0.059716482, 0.017844032, 0.053824998, 0.063088089, -0.031245129, -0.041455936, -0.020506, -0.013752969, 1.5134225, -0.1385726, -0.088304758, 0.011087446, -0.14967835, -0.01874757, -0.070804819, -0.062087283, 0.41785961, -0.12306731, 0.016012128, 0.038846307, -0.032400969, -0.045920782, 0.012694781, 0.02656249, 0.0010923771, -0.078450911, 0.0067417873, 0.0043456936, 0.086288452, 0.041758705, 0.050397467, 0.031886838, 0.036916345, 0.027622283, -0.0193685, -0.06062853, -0.068608046, -0.062998615, -0.046150371, 0.02766582, 0.028361782, -0.0040791868, -0.01727747, 0.055807728, 0.021546036, -0.0049634217, -0.040380687, 0.044051193, 0.019821241, -0.022261189, 0.049874414, -0.055389497, -0.0037598447, -0.031401314, 0.052159868, -0.069662184, 0.0072959689, 0.022796594, -0.057016473, -0.0052814172, 0.034084525, 0.0021120626, 0.060483377, 0.040167652, 0.014144658, -0.010086299, 0.099752687, -0.005503532, 0.035136931, -0.0017586204, -0.016125999, -0.047821756, 0.071928248, 0.032096118, -0.0068306508, -0.051286742, -0.079078041, -0.030765442, 0.078829065, -0.0062065944, -0.02193282, -0.019400997, -0.047766551, -0.028462812, -0.048832655, -0.1847481, -0.044041146, 0.066768423, 0.039906032, -0.03875453, -0.004493624, -0.016752819, -0.051225904, 0.095384404, -0.12093748, -0.04238363, 0.003322314, 0.011095654, -0.11710466, 0.028116968, 0.06216678, -0.038867705, -0.024456251, 0.031151032, -0.46800306, 0.080479555, 0.019662218, 0.053059358, -0.041054443, 0.01142108, -0.010196747, -0.0062935934, 0.019384591, -0.042716935, 0.021449912, 0.054372985, -0.0205805, 0.019211981, -0.0073427502, 0.038045239, 0.021624194, -0.036925245, -0.019556593, 0.0046631563, 0.058661062, 0.057383407, 0.030288078, -0.049848232, -0.021428403, -0.047811903, 0.030813193, -0.043945469, 0.025379844, -0.056761846, -0.0092653893, -0.010726031, 0.050609466, 0.0019982797, -0.054569408, -0.55093718, -0.12867765, 0.094526626, -0.011095373, -0.036474559, 0.017046813, 0.019336436, -0.012579, -0.080567628, -0.013050873, -0.035437353, -0.030761618, -0.011110541, -0.0078247087, -0.02952235, 0.080350779, -0.011344176, 0.046767723, -0.028473675, 0.011718468, -0.032860871, -0.040027991, 0.020373279, -0.0067398101, -0.072190434, -0.11721566, 0.014402041, -0.045543559, 0.13441446, 0.017081313, 0.0093208728, 0.035997689, 0.026410554, 0.077047214, -0.03582231, 0.033445656, -0.040970653, 0.088478997, 0.0887824, -0.034331281, -0.010881186, -0.058231529, -0.036522314, -0.056788087, -0.046516217, 0.11309328, -0.030380147, 0.003764312, 0.020122297, 0.013432581, -0.068933316, 0.032326765, -0.066649199, 0.012977452, -0.087401129, 0.083224073, 0.086715683, 0.032454278, -0.061400808, -0.010220964, 0.041005779, 0.062702939, 0.04697419, 0.030056858, 0.15553275, -0.013436684, 0.060035374, 0.005883499, 0.042293031, -0.030308232, -0.071468562, 0.040809199, 0.002647778, -0.044878926, 0.018978592, 0.053808663, -0.084854379, -0.0047639105, -0.10089347, 0.0039225919, -0.0007141307, 0.0032406533, -0.089931868, 0.031708967, -0.011177937, 0.022473577, 0.033544652, 0.048200034, 0.072820306, 0.11113477, -0.073756307, 0.054749146, 0.053567544, -0.048821159, -0.086599179, -0.085307837, -0.098291509, 0.062032033, 0.060403839, 0.041649155, 0.031546552, -0.023587501, 0.062244538, 0.020915523, 0.065982968, -0.07733395, -0.010800845, -0.037033696, -0.0777096, -0.077203594, 0.058304127, 0.062731691, 0.028102985, -0.073660038, 0.039453551, 0.066619717, 0.019177936, 0.048436061, -0.11000826, -0.033863902, 0.064355254, 0.069314562, -0.0027019072, 0.11709509, 0.033850942, -0.11589072, -0.065591879, -0.0079630837, 0.10430397, -0.044463567, 0.033676591, 0.013416281, -0.066764876, -0.0039065029, 0.011255431, -0.033152349, -0.045488063, 0.012924029, 0.035840373, 0.10031459, 0.035345469, 0.052808437, 0.06830252, 0.0089013446, -0.023914352, 0.032818764, 0.035684813, 0.019928223, 0.036921963, 0.030250266, -0.10705665, 0.022431955, 0.044581838, -0.024803404, 0.0025469512, 0.02563172, 0.037630066, 0.0021230644, -0.029840637, 0.082478598]
2	[-0.051078703, 0.13616043, -0.060860962, 0.072454371, -0.012605523, -0.0052718199, -0.0066807508, -0.036396042, 0.0064875395, 1.8763084, -0.08536654, -0.084942646, 0.032147706, 0.027030213, -0.10806959, -0.055859063, -0.050155044, 0.88457459, -0.25460801, -0.034008671, 0.025414817, 0.016671419, -0.013693083, -0.061979752, 0.0020693876, 0.0019290335, -0.0021969632, 0.018173961, -0.047335088, -0.10784411, -0.086226307, 0.032672156, -0.055617064, -0.0037456641, 0.10636687, -0.090661518, 0.032895248, -0.044677924, -0.056149762, -0.11346387, 0.058034956, 0.020414859, 0.024451459, -0.084384382, 0.092638217, 0.057143051, -0.15695807, 0.017975578, -0.040072788, 0.037382305, -0.1339657, 0.028934369, 0.027059207, 0.017429074, 0.053860139, 0.1033917, -0.063158289, 0.005175998, -0.030253038, -0.051481873, 0.00069530308, 0.1590616, -0.016380457, 0.062869132, 0.073636413, -0.057869513, -0.022218943, 0.028956383, 0.012472021, 0.070116334, 0.032475512, 0.0361824, 0.13604946, -0.014566583, 0.063241996, -0.10991454, 0.03152303, -0.039247207, -0.071340181, 0.17573829, -0.012526292, 0.030071586, -0.12595548, 0.034357864, -0.045199707, -0.064658709, -0.17824526, -0.063002877, 0.20430797, -0.0033206071, -0.047237083, 0.0051613273, -0.0057562664, 0.067931704, -0.027664917, -0.014022321, -0.03512219, -0.048878714, 0.14749528, -0.1101192, 0.013748128, 0.14685796, -0.027439959, -0.050480396, 0.00971111, -0.96226376, 0.15390207, 0.041495424, 0.049281493, 0.083331317, 0.016739709, -0.0011115881, 0.031007027, 0.051464338, 0.025620503, -0.0047983206, -0.06288553, 0.023910975, 0.014600013, 0.04663362, 0.075781584, -0.035377335, -0.065230004, 0.040088672, -0.041025955, 0.0050812089, 0.038696792, -0.080758341, -0.031350832, 0.039779369, -0.02754944, 0.039256208, -0.037949067, 0.074837022, 0.012782638, -0.013534068, -0.0039052509, -0.068101749, -0.0069725444, 0.054019298, -0.71098804, 0.088721417, 0.12793319, -0.00055267412, 0.0034229755, -0.082932875, -0.053301241, -0.0010081256, -0.01151708, 0.0066097104, -0.04897492, 0.0037683335, 0.057794582, 0.052985668, -0.056676582, 0.012379545, -0.049935918, -0.015261623, -0.043035954, -0.11606253, -0.057401855, 0.06902767, -0.10643145, -0.013521166, -0.13214089, -0.043879837, 0.048561338, -0.04457581, 0.075076751, -0.048570871, 0.080535315, 0.015215411, 0.15175791, 0.040207677, -0.014386856, 0.072587498, 0.035161961, -0.043267701, 0.11288625, 0.026379375, -0.14351608, -0.096563667, -0.021047212, -0.097333141, -0.029909419, -0.021473275, -0.084285162, 0.03809287, -0.0021692908, 0.026047597, 0.035759833, -0.018587459, -0.16358463, 0.056216244, 0.008673043, 0.11344492, -0.018461166, -0.072011217, -0.071317703, 0.11162751, -0.0088517116, 0.017053684, -0.0062504946, -0.018037232, 0.17575826, 0.048374962, 0.00091858208, -0.048743244, 0.0017803913, -0.021408752, -0.05015384, -0.10764088, -0.048910674, -0.080033667, 0.07584396, 0.16095001, -0.092036098, -0.027339375, -0.1249772, -0.010097417, 0.021750128, 0.012942961, -0.13176146, 0.07025063, 0.035747815, 0.0082622562, 0.064020962, -0.025740586, 0.0020665827, 0.03899559, 0.015839161, 0.072893865, -0.02802808, -0.0099681644, -0.047377791, -0.019065466, 0.003400876, -0.045893002, -0.037712324, 0.042612702, 0.035074584, -0.070878379, 0.051248446, 0.0099697951, 0.1128831, -0.061036471, -0.03145216, -0.033194918, -0.060750842, -0.011831623, -0.019629583, -0.022298373, -0.10864931, 0.037510898, -0.041881204, 0.20123374, 0.078075603, -0.077665262, -0.037514079, 0.051073208, 0.073089629, 0.12799066, -0.044145811, 0.088986374, 0.093330473, -0.093911, -0.012856781, 0.089786589, 0.32836351, -0.020175209, 0.15013337, 0.00028174804, -0.029582167, -0.1115258, -0.028499963, 0.063185744, -0.037051793, 0.044061873, 0.081411712, 0.15161724, 0.11899246, 0.049988627, 0.078075849, 0.0097052073, -0.1098193, -0.028117733, 0.090091504, -0.042939957, 0.18275625, -0.0040528742, -0.16913001, 0.070451856, -0.013429168, -0.032201737, 0.036369041, -0.0032276611, -0.059940141, 0.0071799993, -0.00097319606, 0.069282264]
3	[0.028888993, 0.084807381, -0.055882785, -0.0097121932, 0.0042321859, -0.001077924, -0.054886181, -0.049042553, 0.0025108019, 2.4327297, -0.17764677, -0.030377446, 0.074095093, -0.057057872, -0.10573295, -0.080551431, -0.11188842, 0.86487705, -0.09395691, -0.051796451, -0.0079931272, -0.063379079, -0.02298452, -0.068399675, -0.02009234, -0.02107548, -0.065748058, -0.030735306, 0.014771592, -0.0094276536, -0.11155326, 0.12338828, -0.12301111, 0.060292989, 0.12571381, -0.087516516, -0.050682418, -0.016444087, -0.022885766, -0.11311465, 0.05617578, 0.073277697, -0.011642741, -0.11136742, 0.061542198, -0.022677466, -0.094196334, -0.039885353, -0.057009775, 0.031406, -0.0042717773, -0.00088422361, -0.086817361, 0.023056734, 0.07439699, 0.0075818561, -0.067058429, -0.084511384, -0.066636004, -0.18721718, 0.0073879361, -0.02431874, -0.076090388, 0.19134171, 0.09761516, 0.01345726, -0.08193893, -0.024266517, 0.097945772, 0.097796738, 0.052815046, 0.042330418, 0.10610509, -0.020247044, -0.032728773, -0.019751262, 0.064002626, -0.089070603, -0.031062424, 0.1452145, -0.018794611, 0.087112717, -0.12738054, -0.035150554, -0.00016740571, -0.20090137, -0.23192371, -0.13942967, 0.14562152, 0.030310186, -0.17672721, 0.035871778, -0.10312706, 0.021194218, 0.14889172, -0.07420624, 0.035063747, -0.10313268, 0.040695976, -0.056456629, 0.0041867411, 0.017021809, -0.068547502, -0.077645399, 0.13514516, -0.82419306, 0.06234397, 0.08662688, 0.036363482, -0.025575312, 0.001295311, -0.030367814, -0.0036785919, -0.10591601, 0.02328622, -0.027297094, 0.027863326, 0.037661046, -0.078007117, 0.12102775, 0.037247561, -0.010132448, 0.00363563, 0.076417699, -0.091196522, -0.028125558, -0.063579388, -0.088727526, 0.016694976, -0.061514884, -0.10740575, 0.014345371, -0.06561511, -0.049790852, 0.051918928, 0.042645998, 0.029661022, 0.10121097, -0.053117935, -0.080010146, -1.0298189, -0.023042856, 0.053571485, -0.014607743, 0.065198489, -0.013010583, 0.0090266652, 0.050483923, -0.013787965, 0.030023888, -0.10597437, 0.050103925, 0.054436728, 0.036195558, -0.051311594, -0.014836125, -0.13425478, 0.040166996, -0.046886262, -0.026264409, -0.10193211, 0.038521223, -0.061175633, 0.050393138, -0.092175484, -0.19185263, 0.066797256, -0.055621844, 0.18949369, -0.0029595166, -0.079124324, -0.046260744, 0.060876682, -0.12692823, -0.080970995, 0.04480274, -0.0051210644, 0.077668041, 0.025594806, 0.0020470994, 0.010593075, -0.090858921, -0.14348528, -0.10817534, -0.046134021, 0.084110156, -0.039917998, -0.067445889, -0.02074305, -0.060220774, -0.057763372, 0.0067552505, -0.18063581, 0.11592603, 0.034151737, 0.16103995, -0.033217032, 0.0010776677, -0.13736778, 0.16863148, -0.019274361, 0.017000742, -0.10523944, -0.043993182, 0.17085908, 0.046910405, 0.083110742, -0.073781878, 0.012684627, 0.0187121, -0.09215036, -0.062584549, -0.071275622, -0.10590782, 0.079780206, 0.10581437, -0.10181994, -0.026376627, -0.19236237, -0.044913106, -0.00012478094, 0.017550966, -0.17536001, -0.003015782, -0.060274336, -0.03868892, 0.070762776, 0.1738012, 0.059244804, 0.11286661, -0.09926413, 0.024422038, 0.037566833, 0.044796221, -0.11815362, -0.076668091, -0.021789217, -0.050027657, -0.011049602, 0.045343671, 0.051239777, 0.057586476, 0.09854079, 0.079112187, 0.10840144, -0.18870093, -0.057599925, -0.082966372, -0.15720902, 0.024218509, 0.017030742, -0.056736521, 0.0041998117, -0.057377893, 0.025765851, 0.20950921, -0.013570035, 0.014536308, 0.036565259, 0.0084086172, 0.096429177, 0.13356893, 0.054645557, 0.050497334, 0.096423455, -0.040651586, -0.1051847, -0.017061779, 0.33280557, -0.047685012, 0.3363634, -0.010971348, -0.12391396, -0.12704808, -0.012552899, 0.015240888, -0.0029031348, 0.14436504, 0.1064574, 0.076925129, 0.064417847, 0.1409027, -0.00067122118, 0.071410954, -0.090926312, -0.14352015, 0.057999846, -0.00092414737, 0.17436676, -0.11191141, -0.16368288, 0.06939996, 0.073043883, -0.084661812, 0.0088594072, 0.010532775, 0.014263153, 0.069514662, 0.016646964, 0.04038034]
4	[0.001895693, 0.1449886, -0.10683765, 0.02967179, 0.038012348, 0.01535965, -0.011539536, -0.087406985, -0.053008545, 2.3328111, -0.23327398, -0.037782129, 0.12552048, -0.09137921, -0.051623423, -0.04091648, -0.066795208, 0.8562448, -0.10929754, -0.069868788, 0.040833052, -0.032357603, -0.070546947, -0.012150357, 0.069944218, -0.017574323, -0.047817722, -0.037633512, -0.023004439, 0.030110419, 0.0075336723, 0.13446721, 0.0085986126, 0.1337368, 0.017609168, -0.056475244, -0.075943254, 0.045156311, -0.019706558, -0.089338221, 0.042981517, 0.043160588, -0.038531855, -0.066166341, 0.051534109, -0.00845573, -0.066404864, -0.010521177, 0.014776352, -0.0049345423, -0.0046138256, 0.045630246, -0.051021494, 0.058813903, 0.0051062219, 0.045848608, -0.083888091, -0.12450978, -0.015313502, -0.062862709, 0.042306446, -0.018162195, -0.04688235, 0.14319009, 0.04469604, -0.068808243, -0.063823402, -0.013419366, 0.030432621, 0.098267458, 0.053096436, -0.040236499, 0.095360816, 0.011579743, 0.075880244, -0.012626197, 0.071068928, -0.11048129, -0.089811295, 0.10540906, 0.016720433, 0.066349357, -0.150406, -0.023325304, 0.045983687, -0.15260381, -0.22141281, -0.14381817, 0.1344163, 0.0082747778, -0.11498483, -0.011832184, -0.091377012, -0.060284775, 0.078916818, -0.07851094, 0.015416174, -0.04712138, 0.094162412, -0.057847597, 0.0055411039, -0.016534569, -0.0065752058, -0.02305476, 0.10808749, -0.69898802, 0.082998693, 0.062002633, 0.0032616954, -0.026749026, -0.017740514, -0.017675627, -0.0074795117, -0.024503332, -0.0034301679, -0.00378858, -0.046685178, 0.03700909, 0.051399946, 0.0497212, 0.054983262, 0.028322611, -0.085243508, -0.0010949215, 0.01510998, 0.03873511, -0.061396509, -0.066368453, -0.072469413, 0.0035135513, -0.073635988, 0.014156389, -0.084332399, -0.092713967, 0.025303826, 0.036859263, -0.035647769, 0.081659511, 0.059504777, -0.089668304, -0.82715368, 0.071896806, 0.028081568, 0.022542994, 0.0099868048, -0.041156713, 0.032347515, 0.016417017, -0.019127076, -0.030901611, -0.069709979, -0.010905346, 0.03886468, -0.016462369, -0.040134393, 0.031324547, -0.16575176, 0.03149385, -0.081911631, -0.064775698, -0.075812377, 0.031436045, -0.018614745, 0.005976697, -0.14335963, -0.14264749, 0.020933066, -0.044676993, 0.16780777, 0.0056604478, -0.001707644, -0.069442987, 0.064241089, -0.089114264, -0.019990433, 0.030499067, -0.006779999, 0.092095166, -0.012436943, 0.0010241539, -0.006341991, -0.043110885, -0.021150118, -0.085984103, -0.077710047, 0.14017418, -0.018310038, 0.028474802, 0.023377527, -0.022483177, -0.11070178, 0.039364018, -0.14143063, 0.06174488, 0.0036201582, 0.22199139, -0.010596828, 0.030257538, -0.1347186, 0.16989744, -0.0012151793, -0.008541231, -0.11550029, 0.098638847, 0.17117275, 0.027634375, 0.074540518, 0.027778495, -0.0039416533, 0.034008306, -0.021617616, 0.027050897, 0.0009434981, -0.10421328, -0.039622553, 0.17737341, -0.14554043, -0.02510439, -0.14706616, 0.037029199, 0.0023362827, -0.015057636, -0.12582891, 0.043039322, -0.054957334, -0.024741743, 0.082260042, 0.11874782, 0.11499518, 0.058797877, -0.12983045, 0.056970745, 0.01256552, 0.032481533, -0.13173236, -0.095281117, -0.043911353, -0.014636761, -0.030505693, 0.10112834, 0.075211041, 0.076083474, 0.085411116, 0.035669878, 0.056441661, -0.14421476, 0.046275783, -0.07835947, -0.091571145, -0.072496593, 0.036180466, 0.00058999489, -0.043675289, -0.038145885, 0.037215397, 0.20935033, 0.056007635, -0.034650262, 0.018599831, -0.0088528516, 0.074230462, 0.12382083, -0.0086430022, 0.059438996, 0.033316236, -0.098599359, 4.6019646e-05, -0.023531346, 0.30670813, -0.17639928, 0.15671669, 0.05730816, -0.076796606, -0.19080065, 0.053569991, 0.03668341, 0.016825384, 0.054836389, 0.091316909, 0.092095569, 0.10821342, 0.089789107, 0.030521523, 0.0089339735, -0.089155577, -0.089610197, 0.026945617, 0.040805433, 0.095222108, -0.081305206, -0.12432157, 0.055409759, 0.086408831, -0.031451028, -0.015507214, -0.005472627, 0.0053235586, 0.01510689, 0.00022577081, 0.10326997]
5	[-0.047628403, 0.20281206, -0.022208499, -0.044540819, 0.08106982, -0.098818585, 0.045132045, 0.08077696, -0.0042053964, 2.3575182, -0.30354032, -0.19441146, 0.10033999, -0.047553264, -0.056695428, 0.010043519, -0.025645049, 0.95851731, -0.21226133, 0.0032891408, 0.087035924, -0.023808712, 0.031257827, -0.037989274, 0.046202123, 0.012908498, -0.077890038, 0.058378521, -0.04989396, 0.044855103, -0.057795927, 0.16589183, -0.066928551, 0.04607955, 0.042625185, -0.03506596, -0.037319053, 0.069803931, -0.095412344, 0.036516968, 0.0025540469, 0.10179538, 0.02072197, -0.05384523, 0.11573742, 0.010063681, -0.033295691, 0.07791391, 0.02838623, -7.549335e-05, -0.037520122, 0.04725014, -0.12962058, -0.071612246, 0.014980936, 0.0045159999, -0.030143641, -0.039516184, 0.061119046, -0.13217828, 0.0794691, -0.043663885, -0.16799504, 0.15116589, 0.15439747, -0.045329873, -0.048967112, 0.1035812, 0.017855085, 0.030877531, 0.048012603, 0.027557777, 0.22441043, 0.043426856, 0.0035316972, 0.0034387743, -0.027548403, -0.041073445, 0.032521453, 0.15417391, -0.035517, 0.16861477, -0.060841966, -0.088608436, 0.12168873, -0.17937356, -0.36716878, -0.14274861, 0.11553673, -0.011701003, -0.20054431, 0.10836272, -0.13366227, 0.034822229, 0.069553353, 0.10749619, -0.060941599, -0.047578916, 0.06287355, -0.0014064773, 0.07493405, 0.0029581166, -0.035643864, 0.012344029, 0.063991994, -0.70392793, 0.15128851, 0.0023035461, -0.048780229, -0.024167866, -0.0076039513, -0.032247998, -0.043345839, -0.063440897, -0.0011383173, 0.095710777, 0.0042343368, 0.052125726, -0.022962091, -0.02518373, 0.097323962, -0.030541545, -0.0084995916, 0.072132096, 0.027579045, 0.027628815, -0.030218726, -0.069715284, 0.012900046, -0.1280039, -0.02537361, -0.075725228, -0.051804412, -0.047877368, 0.01796077, 0.027206736, 0.037485041, 0.038108502, 0.0096808169, -0.057254877, -1.0611663, 0.022800243, 0.15670185, 0.098474272, -0.015810667, -0.060822271, 0.024651049, 0.21692753, -0.01945246, -0.045051053, -0.14391042, 0.079710595, 0.10617068, -0.0016429987, -0.10384796, -0.032256458, -0.20336579, 0.02025014, -0.16007277, -0.040826, -0.033234816, 0.18953651, -0.073922843, 0.018541725, -0.068254143, -0.11375331, 0.20163955, -0.13572969, 0.21925987, 0.007105818, -0.0012266389, -0.065625548, 0.10537898, -0.019845869, -0.1477955, 0.064725995, -0.073937841, 0.04107872, 0.019387094, 0.074184053, -0.0061283056, 0.0057653636, -0.095727652, -0.057703365, -0.098453052, 0.01108161, -0.005121504, -0.1664194, -0.019133864, 0.090619951, -0.096743368, -0.074153461, -0.13413924, 0.016811408, -0.069136731, 0.19611906, -0.01170891, 0.014388653, -0.04302863, 0.106633, -0.07980264, 0.008993133, -0.036973551, 0.068951115, 0.21053925, 0.019532731, 0.049287453, 0.0046084239, -0.038652431, -0.064571843, -0.006723681, -0.078971736, -0.025694726, -0.13999844, 0.063645773, 0.17969093, -0.099492401, -0.11147133, -0.28348753, -0.020742999, -0.053895224, -0.030488491, -0.1321743, -0.063380726, -0.0047819554, -0.050911769, 0.057875361, 0.065700002, -0.012438174, 0.029527063, -0.13978641, 0.0512303, -0.061735328, 0.057976678, -0.15958263, -0.065578334, -0.056673825, -0.064921804, -0.1046962, -0.039289679, 0.061980139, 0.086228058, 0.048970558, 0.12240043, 0.10729254, -0.17519887, -0.085070297, -0.10238736, -0.12639987, 0.03565101, 0.093602225, -0.0097688194, -0.060970627, -0.055506442, -0.051850878, 0.25351897, 0.015806992, 0.045173999, -0.036088321, -0.015219122, 0.072610192, 0.078559466, -0.024735861, 0.064928681, 0.029452138, -0.1134045, -0.047961954, 0.015018368, 0.32081234, -0.028741134, 0.13214968, 0.033593498, -0.14849752, -0.19658852, 0.012738843, -0.0018292245, -0.026957726, 0.1050074, 0.1289617, 0.13099889, 0.05685018, 0.015889946, -0.062971428, -0.0010095906, -0.041168332, -0.00052801991, 0.072901294, -0.023469131, 0.095887356, 0.0083396854, -0.20128404, -0.066112854, -0.076619856, -0.14749371, 0.034700453, -0.0091988668, -0.0074114068, 0.013383594, 0.064919546, 0.010919634]
6	[-0.17438348, 0.089038044, -0.11081782, -0.015437567, 0.018689392, 0.027218631, -0.071926609, -0.069959044, -0.019478314, 2.25983, -0.099124461, -0.05686589, 0.039460037, -0.11355429, -0.1760163, -0.073907919, -0.042999782, 0.96481282, -0.26204184, -0.064424016, 0.0044906139, 0.010359069, -0.03917766, -0.023696769, 0.029351633, -0.0098633869, -0.0025884451, 0.0043667462, -0.017341401, -0.11082871, -0.019475255, 0.17643534, -0.012882574, -0.026804052, 0.10605793, -0.11344275, -0.07952027, -0.033730827, 0.064877734, -0.087696448, 0.026319934, 0.042973422, -0.040336385, 0.011517284, -0.061987851, 0.099488959, -0.12266126, -0.02908773, 0.018009879, -0.022441575, -0.10143284, 0.0028587724, -0.13649434, 0.023883792, -0.011709691, -2.2145418e-06, -0.1119063, -0.030546729, -0.029535724, 0.0057845791, 0.083011501, -0.062348701, -0.04396718, 0.1905981, 0.12718995, -0.10962742, 0.03564544, 0.071529262, -0.025725501, 0.04171465, 0.081647784, 0.03360156, 0.18431583, 0.021175949, 0.058586393, -0.092987657, 0.0524868, -0.050314054, 0.010318117, 0.028970612, -0.071395755, 0.012607574, -0.11729321, -0.042360641, -0.032020167, -0.13902226, -0.1805118, 0.091968462, 0.17187394, 0.12440307, -0.014640029, -0.068009853, -0.084927902, 0.048852768, 0.10235468, -0.035232384, -0.044955693, 0.036801178, 0.04170892, -0.13545118, 0.0068226894, 0.11224238, -0.057127018, -0.056369763, 0.055438958, -1.1029904, 0.0029621073, 0.098162808, 0.030702647, -0.0097807739, 0.013811039, -0.019690335, 0.018503653, -0.052182786, -0.0087581482, -0.021911841, -0.069530912, 0.093771771, 0.051336382, 0.019883653, 0.03822092, 0.08511468, -0.0074060378, -0.11417221, -0.013481542, 0.0066462308, -0.011218085, -0.063105263, -0.015095926, -0.040775385, -0.067459993, -0.023200592, -0.11116823, -0.056965727, 0.11582246, 0.063712321, 0.040256258, 0.054607503, 0.12581578, -0.049271569, -0.84966952, 0.030261388, 0.16018961, 0.031210806, -0.05079978, -0.06238769, -0.06480588, 0.028936807, -0.022888074, 0.069509029, -0.046317417, 0.047530297, 0.090696178, -0.010902524, -0.094067261, 0.021391315, -0.06390623, 0.077806965, -0.030361382, -0.045878455, -0.11745615, 0.10396028, -0.11326145, -0.058367416, -0.094126813, -0.10471405, 0.020209312, -0.037860285, 0.22875997, -0.050687339, -0.092770867, 0.045754578, 0.096651033, 0.023603467, -0.069650926, 0.020884691, -0.001044032, 0.10779309, 0.22125521, -0.0030476456, -0.047497209, -0.031909425, -0.058670156, -0.021214856, -0.14589597, 0.0062838811, 0.032099847, -0.033894353, -0.024879577, 0.030568242, 0.035077956, -0.04839113, -0.10979803, 0.094997808, -0.13206317, 0.10570888, 0.025104817, 0.064227931, -0.12266239, 0.21315502, 0.010634475, -0.047585461, 0.013855845, -0.0045959032, 0.11607267, 0.037084572, 0.023416698, 0.021270085, -0.059847895, -0.022781469, -0.11116688, 0.01492204, 0.044979718, -0.089251995, 0.10825084, 0.046350654, -0.076736651, -0.026689919, -0.17943232, -0.045524046, -0.11732353, 0.076368026, -0.13149384, 0.09075357, -0.0081612319, -0.058020934, 0.022260038, -0.01954909, -0.054477651, 0.029177863, -0.045149539, -0.0035950278, 0.11319478, 0.061371334, 0.063838467, 0.031847425, 0.081463963, 0.034721807, 0.0024125727, 0.046557151, 0.0063626012, 0.029287223, -0.070847683, 0.060475033, 0.16998656, -0.017942552, -0.06908419, -0.11039446, -0.12659915, -0.030742215, -0.0043793344, -0.012007074, -0.027785907, -0.0082105165, 0.018910266, 0.19236141, 0.015098477, -0.03374742, 0.016206462, 0.059519347, 0.085966624, 0.13492788, -0.055955734, 0.081472784, 0.067999847, 0.017978612, -0.075195424, -0.039038803, 0.33402002, -0.11782069, 0.13943365, 0.012158334, -0.075827457, -0.24272259, -0.039312251, -0.0019603968, 0.027123889, 0.1432351, -0.012342348, 0.097008005, 0.12443677, 0.13958368, 0.058751684, -0.04235474, -0.051447637, 0.042671636, 0.13531159, 0.010606729, 0.043213233, -0.12113571, -0.35442618, -0.0034939607, 0.025786672, -0.017197926, -0.053631522, 0.070738845, 0.006363228, -0.042542346, 0.03136988, 0.11433773]
7	[0.1098265, 0.10248264, -0.099184498, -0.034230143, 0.11410165, -0.014119072, -0.053333048, -0.067275628, 0.016346145, 1.6070642, -0.096121356, 0.059954286, -0.040561356, -0.059656434, -0.087707281, -0.054969218, -0.016250715, 0.56674343, -0.10521891, -0.047134787, 0.022515574, 0.0204455, -0.081001423, 0.024322214, 0.0026832137, 0.032236572, -0.021673275, -0.09347222, -0.047040906, -0.079780892, -0.074046992, 0.057312138, 0.042836856, -0.005328503, 0.0026198577, -0.16825192, -0.034679074, 0.021141713, -0.014923851, -0.08161515, 0.030856308, 0.0029590714, 0.10544465, -0.11624753, -0.012317144, 0.030567557, -0.071927853, -0.078008853, -0.056100283, -0.0032320006, 0.011496572, -0.025353748, -0.0035820715, 0.004526115, 0.091674723, -0.0080880728, -0.021330496, -0.055318214, -0.0189854, -0.073388219, -0.034977287, -0.0055425009, -0.046041112, 0.14719643, -0.0052255713, -0.063941173, -0.0068570017, 0.046957217, 0.054838501, 0.034265429, -0.0066019995, 0.096037649, 0.14182235, -0.068732299, -0.003620286, -0.020290002, 0.088308506, -0.10741913, 0.049594428, 0.082553707, 0.038870215, 0.011790773, -0.22174358, -0.010320499, 0.044455964, -0.12294906, -0.096044496, -0.072950289, 0.1744647, 0.034389786, -0.06858629, -0.069585785, 0.037840068, 0.020240143, 0.036506925, -0.021436717, -0.0025497009, 0.023944071, -0.072928771, 0.0039300686, -0.01139505, 0.055013005, -0.037043717, 0.00022764238, -0.017873714, -0.37610218, 0.037164342, 0.004060789, -0.026024217, -0.043158859, 0.038587429, -0.0708635, 0.062384784, 0.033670139, 0.016723143, -0.037953217, 0.090201072, -0.0025114992, -0.022537583, -0.046137147, 0.033813648, -0.0025305727, 0.090287857, -0.0040589315, 0.017566213, 0.038665283, -0.070985071, -0.082487285, 0.0036601436, 0.015217929, -0.046282787, 0.10812114, -0.015135643, 0.099601641, 0.16181143, -0.016946787, 0.031670712, 0.0020805725, -0.045399137, -0.0012327848, -0.60598505, -0.0015992841, 0.01463086, -0.0056512142, 0.049103569, -0.015618501, 0.010085308, -0.027086591, 0.043475002, -0.10306685, -0.042525787, 0.036892552, 0.038439572, 0.0045577362, -0.096744999, -0.091277711, -0.006582289, -0.0010385343, 0.00056041352, -0.025943073, 0.024971975, 0.0069374284, -0.039023213, -0.034232143, -0.0029337849, -0.11181648, 0.0081854779, -0.085223712, 0.10209572, -0.0013064274, -0.05948329, 0.010850913, 0.0093795704, -0.087046787, -0.083122849, 0.049418356, 0.039089356, 0.015946612, -0.0012414269, -0.063383557, 0.042638503, 0.0061392859, -0.084408715, -0.028470999, -0.086346351, -0.0029105726, 0.0092912139, -0.0095228599, -0.0078822868, 0.054038566, -0.025607213, -0.015915072, -0.11379538, 0.094390705, 0.047875144, 0.075087361, -0.0079682786, -0.090199642, -0.050473504, 0.12187369, -0.025320362, -0.10355358, -0.10214671, -0.055836219, 0.19903643, 0.0028522848, 0.043500502, -0.033571322, 0.02741343, -0.054264642, -0.065142147, -0.151453, -0.10821707, -0.030488478, 0.053551499, 0.053847663, -0.068308428, 0.037439726, -0.092468239, 0.004884643, -0.057046857, -0.010281141, 0.024048371, 0.027882572, -0.0093314927, 0.095812902, 0.015631074, 0.083605215, 0.015479716, 0.084974356, -0.076055348, 0.0091332858, 0.087688573, 0.063659295, 0.012255072, -0.062351715, 0.0038298555, -0.061649073, -0.077014931, 0.059702117, 0.054117329, 0.0030214284, -0.0017749292, 0.11255057, 0.10279436, -0.16433215, -0.12373193, -0.11395885, -0.12858786, 0.08187528, 0.016967019, -0.076207146, 0.024154143, -0.0035081427, 0.14203808, 0.025907284, 0.078153007, -0.04789843, -0.041363996, -0.046486143, 0.14104101, 0.11319029, -0.029851785, 0.063279219, 0.16800953, 0.0017297162, -0.077000856, -0.073588088, 0.23292543, 0.024545712, 0.16535623, -0.067413002, -0.019324338, -0.026508426, -0.0307547, -0.016559288, -0.0081124995, 0.11793933, 0.043998785, 0.083560236, 0.11222572, 0.14184307, -0.0074777855, -0.016912714, -0.044945862, -0.083520606, 0.074013352, 0.035618786, 0.082748853, -0.049700137, -0.078565285, 0.036126427, 0.026557969, -0.0094843283, 0.0093600852, -0.11165421, -0.033846714, -0.0076350006, 0.047655787, 0.039092917]
8	[0.039500758, 0.055066247, -0.067540549, -0.058181167, 0.12017542, -0.13368195, -0.10036239, -0.047684599, 0.016236268, 2.3955417, -0.29385, 0.094303168, -0.090548836, -0.14170951, -0.098437779, -0.012080585, -0.075041778, 0.90350002, -0.0090969345, -0.013699245, 0.10407233, -0.07388366, 0.029317334, 0.059973583, -0.15366517, -0.06666325, -0.1018972, -0.13319124, -0.13102823, 0.076291166, -0.09373188, 0.15532044, -0.021889662, 0.085489206, 0.12749825, -0.16237846, -0.077084251, -0.15677892, -0.035372406, -0.085850835, 0.10966957, 0.097918071, 0.0043896711, -0.19359976, 0.040757667, -0.011143581, 0.054304998, 0.030169645, -0.010573588, 0.033511836, -0.15032917, 0.059528258, -0.11848399, -0.1634693, 0.086133428, 0.009972631, -0.08242058, 0.037247498, -0.031136835, -0.030428836, -0.020727733, 0.067357332, 0.0096019134, 0.11845567, 0.071749747, 0.092668921, -0.037799504, 0.15382449, 0.0078462483, 0.1119755, -0.049180999, 0.082378, 0.045724917, -0.15924449, 0.058974579, 0.028623251, 0.036301002, -0.15951668, 0.127618, 0.012453743, -0.060154993, 0.21989156, -0.14843006, -0.027422091, 0.11137191, -0.2128356, 0.013143331, -0.052857753, 0.22712408, 0.020851167, -0.15712842, -0.04848842, 0.019502332, -0.036836952, 0.070473574, -0.094193168, 0.013242833, -0.052040834, 0.033082169, -0.033885699, 0.073163666, 0.052495096, -0.0041154139, -0.028812746, 0.052438337, -0.64068669, 0.10523025, 0.087302245, 0.054970335, -0.023905749, 0.032532167, -0.034116134, -0.013513919, 0.019452382, 0.16134642, 0.072701581, 0.100759, 0.031106668, -0.07623022, 0.10108727, 0.042712331, -0.0015501691, -0.13168584, 0.031391222, 0.0032114834, 0.048922252, -0.0090753324, -0.077320643, 0.039936583, 0.0094322506, -0.12575667, 0.053399909, -0.21254967, -0.18414418, 0.07936883, 0.091863327, 0.029170563, 0.088381998, 0.0061063045, -0.078315251, -1.1861347, -0.04636158, -0.0066088936, 0.002066667, 0.07809142, 0.035586085, 0.084595583, 0.060708165, 0.029144501, -0.09289851, 0.0039254162, 0.043444082, 0.0014781667, -0.035872001, -0.0286943, -0.072895162, -0.052947592, 0.11990433, -0.12943374, -0.0065875002, 0.010872659, 0.086740337, -0.055258438, 0.0052825049, 0.0092341639, -0.2429138, 0.10570417, 0.0087588839, 0.19017524, 0.048446983, -0.028448803, 0.067368992, -0.027449673, -0.064943619, -0.017209249, 0.0038984169, 0.0039262469, 0.038973507, -0.0082507534, -0.0028344963, 0.070236079, -0.13109864, -0.042274918, -0.13691585, 0.028760001, 0.098364592, -0.10377134, -0.080522925, -0.016582415, -0.055055473, -0.080261178, 0.015865168, -0.14197861, 0.11161893, 0.10886853, 0.17279465, -0.055310983, 0.00098766701, -0.10579351, 0.054813001, -0.059613898, 0.10433775, -0.11822341, -0.071264826, 0.26010838, 0.051574916, 0.091807418, -0.040819675, 0.062018666, 0.047569666, 0.039422166, -0.03309086, -0.099439435, 0.014969583, 0.080634251, 0.10892167, -0.13879542, -0.021558499, -0.097011089, 0.052373003, -0.047806084, -0.086576231, -0.067678742, -0.027087165, -0.10172433, 0.14515592, 0.041645419, 0.11566442, -0.042749155, 0.092613995, -0.057318997, 0.0083375983, 0.031976502, 0.081724487, -0.096515335, -0.076060504, 0.012659498, -0.069743343, 0.054603409, 0.075448148, -0.010250561, 0.025053501, 0.098240755, 0.094843157, 0.0829615, -0.15324359, 0.046695333, -0.079389744, -0.21314244, -0.15798001, 0.053349923, 0.038573418, 0.033295836, -0.08811783, 0.1276149, 0.29345885, 0.1116075, 0.013263497, -0.099711664, 0.081615828, -0.04135688, 0.21508567, -0.0053405971, 0.11409709, 0.10023575, -0.14929308, 0.066901669, -0.053541582, -0.0054491707, -0.017693849, 0.21901165, 0.036082666, -0.06324809, -0.13251175, 0.083028756, -0.062022444, -0.025384746, 0.27484408, -0.034561168, 0.050222497, 0.087600626, 0.10350583, -0.098254941, 0.058087066, -0.10559668, -0.026927501, 0.11919869, 0.03242483, 0.028577508, -0.044879999, -0.15528525, -0.0020904988, 0.10645658, -0.042705569, -0.12107674, -0.0086163329, 0.065120831, 0.020095585, -0.044597, 0.10634533]
9	[-0.038672213, 0.03084735, -0.17944449, 0.073657587, 0.043689072, -0.079420455, -0.1061147, -0.085996218, -0.034622218, 2.5901649, -0.23399043, 0.051891334, 0.021242445, -0.05553795, -0.082456186, -0.072173491, -0.15393098, 1.1120185, -0.23512998, 0.056840483, 0.070908338, 0.031432856, -0.066766068, 0.0099629462, -0.034702826, 0.095864415, -0.060112298, -0.083675615, 0.027513549, -0.14419433, -0.099418268, 0.044119265, -0.056027316, 0.067089498, -0.0033764069, -0.14960885, 0.034279946, 0.020818111, 0.00079546345, -0.10341408, -0.01973873, 0.052954581, 0.041341245, -0.098251797, -0.029229863, -0.0028729704, -0.0097550545, -0.011535835, 0.037048277, 0.02183711, -0.1780763, -0.072043628, -0.027263492, 0.026205154, 0.14805652, 0.050346617, -0.089384586, -0.093482807, -0.034693293, -0.059812404, 0.079027526, -0.014041603, -0.053575702, 0.18075891, 0.1803021, 0.080649436, -0.055773363, 0.12143054, 0.13463916, 0.030220199, 0.042204008, 0.075645454, 0.28716922, -0.12174914, 0.08219327, -0.0050259973, 0.15270352, -0.17428856, 0.089585759, 0.1828175, -0.017309628, 0.00051976397, -0.31272936, -0.068310238, 0.0025611173, -0.11420043, -0.1904548, -0.10209011, 0.3353948, 0.0043061716, -0.13557497, -0.012027549, 0.024900433, 0.0083960686, -0.021960204, -0.022680942, -0.11377923, -0.071904272, 0.043848816, -0.053318985, 0.063728295, 0.089222834, -0.007551671, -0.0016929306, 0.066739231, -1.1280606, 0.049415752, 0.010953971, -0.03505775, 0.13917337, 0.079088524, -0.052998383, 0.094198585, -0.056740955, 0.063612998, -0.021058887, 0.064213969, -0.073174484, -0.077073313, 0.067080975, 0.029768325, -0.045045145, 0.0090644266, 0.036857933, 0.03867992, -0.015666401, 0.030561991, -0.061253943, -0.028585676, 0.0057831458, 0.012037516, 0.060391843, -0.11593158, -0.033673152, 0.0020836222, 0.083128236, 0.064371608, -0.051357217, 0.10982211, 0.044132702, -0.8784824, -0.040058158, 0.073419102, 0.0066880761, 0.074022986, -0.12913303, 0.0095689744, -0.0030470393, -0.084336065, -0.063309386, 0.10624996, 0.14056344, -0.015794162, 0.027387977, -0.034546804, 0.011534271, -0.076472268, 0.0063105542, -0.10444127, 0.003353945, 0.034034926, 0.039419923, -0.022060027, 0.082514346, -0.048305772, -0.12143324, 0.1231264, -0.098343462, 0.099742472, 0.016000651, -0.027681941, -0.0077743572, 0.16685994, -0.063791521, 0.0089064036, 0.12120032, 0.029828513, 0.074998133, 0.051319852, 0.10581338, 0.031576693, 0.06659428, -0.044908829, -0.081705302, -0.082352616, 0.10765358, -0.1025717, -0.016696732, 0.045311127, 0.080236681, -0.034505192, 0.012536429, -0.070753433, -0.0027621323, -0.018651502, 0.16031073, -0.07836742, -0.015139825, 0.075282089, 0.22798979, 0.025667273, -0.030206006, 0.0162203, -0.065370806, 0.29093528, 0.14610212, -0.020189969, 0.01559986, 0.10555427, -0.021395646, 0.048306052, -0.12887749, -0.09106797, -0.12088866, 0.0062831757, 0.096903309, -0.057441004, 0.0094165066, -0.39398691, -0.02300165, 0.052160192, 0.012003622, -0.063060462, -0.027864439, 0.0060510691, -0.0020047377, -0.053876653, 0.1118723, -0.08416111, -0.060878836, -0.10221422, 0.0067638657, 0.059750248, 0.077630378, 0.0097254841, -0.038054287, 0.015675444, -0.13358925, -0.08441782, 0.022411451, 0.12864393, 0.026336391, 0.10326213, 0.074366376, 0.18556561, -0.25296211, -0.13133827, -0.078430548, -0.29266354, 0.084879711, 0.063474946, -0.0052979607, -0.12967201, -0.029451944, 0.026751019, 0.2872768, 0.031735405, -0.079109363, -0.0086245937, 0.058804601, -0.0032227563, 0.17159536, 0.03379713, 0.080079198, 0.1070703, -0.034187507, -0.080038533, 0.053230651, 0.51725125, -0.01496252, 0.26077589, -0.013942472, 0.026573844, -0.12676001, 0.020293647, 0.083353914, 0.036044609, 0.18818256, 0.029411567, 0.10743539, 0.031303938, 0.095264174, 0.1086869, 0.063604102, -0.045101151, -0.057261519, 0.094861053, 0.016996954, 0.15193744, -0.027487092, -0.24927245, 0.093415149, 0.025422135, -0.06912677, 0.046714049, -0.025950415, -0.12762383, -0.099374697, 0.15057012, 0.11200313]
10	[-0.044919349, 0.14715759, -0.077101164, -0.037552629, 0.055775013, -0.055815082, -0.038109969, 0.069330975, -0.0059697838, 2.2358098, -0.1122868, 0.022510029, 0.073429972, -0.048575006, -0.13605529, -0.030853897, -0.0099811777, 1.1371487, -0.25264579, -0.034197167, -0.0021881608, -0.052976929, -0.014077567, -0.0057332474, -0.061076112, 0.082802467, -0.050469585, -0.02176223, -0.027480483, -0.10769245, -0.091196522, 0.057591274, -0.096220084, -0.0072072963, 0.13057683, -0.056328908, 0.05436432, 0.0014738865, 0.00688397, -0.061716411, -0.060580928, 0.047911514, 0.038552314, -0.078715816, 0.0052468535, 0.079188019, -0.088922121, -0.048843786, 0.027029753, 0.0561947, -0.094314739, -0.010867048, -0.018099299, -0.0027276876, 0.1455445, -0.016003793, 0.014295855, -0.0091866935, 0.01582, 0.012544367, 0.04318665, -0.065925822, -0.11649639, 0.17326616, 0.095352069, -0.029415928, -0.052873444, 0.075412899, 0.090927519, 0.051495377, 0.064882293, 0.070440352, 0.24310994, -0.049191669, 0.076580651, 0.00045047828, 0.064612471, -0.11772908, 0.055150144, 0.14014237, -0.0080268541, 0.089615196, -0.19315493, -0.094919316, 0.034850772, -0.27850136, -0.25538018, 0.0015040309, 0.21137461, 0.083030261, -0.081051521, -0.021168735, -0.094757855, 0.16353959, 0.063256934, 0.078158028, 0.025523294, -0.040515389, -0.02354903, -0.04586415, 0.0018359695, 0.10155087, -0.068974294, -0.010219917, 0.11224123, -0.97968429, 0.059856798, 0.093684927, -0.043303654, 0.041607823, 0.01777442, -0.15298691, 0.13318123, -0.118061, 0.05417382, -0.036470458, 0.048866704, 0.055546086, -0.0024586171, 0.032366414, 0.053551748, -0.11474077, -0.00077021919, -0.012099334, 0.048213515, -0.08975973, 0.011561251, -0.13182321, 0.04181397, -0.036363412, 0.041026458, -0.0082084117, -0.10018414, 0.058424905, 0.10356435, 0.091790363, -0.01241999, -0.083264269, 0.024610046, 0.068366945, -0.94233787, 0.0062328782, 0.14625007, 0.027949598, 0.063593008, -0.086927585, -0.12779562, 0.055114176, 0.10612365, -0.028173026, -0.0033178984, 0.05764164, 0.038041539, 0.0073381686, -0.084101558, -0.073052295, -0.076222152, -0.011791136, -0.052531552, -0.13913883, -0.029729951, 0.089613661, -0.11895486, -0.032382309, -0.053575099, -0.072103277, 0.14893202, -0.093078658, 0.1626877, 0.014721544, 0.041427035, 0.012853693, 0.12965393, -0.1500717, -0.03478938, 0.12583619, 0.051040318, 0.020479733, 0.12119685, 0.039593853, 0.015033341, 0.023005247, -0.08468619, -0.029964563, -0.086843327, 0.0022724275, -0.085422747, -0.031446006, 0.077030584, 0.088162392, 0.0095922844, -0.025231536, -0.081715271, 0.081498735, -0.001817703, 0.12558238, -0.058044568, -0.003923201, -0.061737143, 0.17640793, -0.028560046, -0.079929829, -0.036745176, -0.0070328843, 0.1880769, 0.012509682, 0.023264073, -0.018626364, 0.0076471786, 0.02576302, -0.07584694, -0.116719, -0.080611736, -0.19333212, 0.069393873, 0.03222651, -0.0049372497, 0.027056711, -0.21200167, -0.062685341, 0.030689633, 0.014221879, -0.048001312, 0.0132039, -0.013934996, 0.024453517, -0.051485121, 0.0082232524, -0.042872999, 0.055773929, -0.097381711, 0.029829122, 0.090497456, 0.1450056, 0.040166028, -0.058314532, 0.0045175594, -0.11329467, -0.16527627, 0.025281407, 0.11178809, -0.018756902, 0.051925138, 0.17427588, 0.15194, -0.13753898, -0.15056387, -0.10878424, -0.1756929, 0.15393965, -0.010020019, -0.15301456, -0.087373726, 0.00436721, 0.022608371, 0.22176279, 0.12841579, -0.029902987, 0.0098466594, 0.086289465, 0.12948039, 0.15213804, -0.064861521, 0.11802657, 0.1064487, -0.01065678, -0.034993347, 0.092319176, 0.32100472, 0.073748842, 0.17441824, -0.00019126467, -0.078760877, -0.19325344, -0.0546945, 0.016722236, 0.045123402, 0.17893158, 0.044627946, 0.20026612, 0.1228572, 0.082760617, 0.0010898164, 0.015245813, -0.069772191, -0.10386614, 0.11498965, -0.076295339, 0.12997761, -0.034876671, -0.30421951, 0.033425279, -0.0072904127, -0.081241496, -0.012430659, -0.031940833, -0.090124778, -0.029217325, 0.062525198, 0.083525002]
11	[-0.06304004, 0.093474612, -0.085680708, 0.014623534, 0.035280578, -0.040853877, 0.0005610396, -0.097895458, 0.0012680896, 1.924296, -0.18501967, -0.07071989, 0.039270237, -0.0089010689, -0.15611777, -0.089751489, -0.12896146, 0.88375306, -0.12086596, -0.012628079, -0.010593487, -0.052481495, -0.013287442, -0.062002726, 0.057087734, -0.046963688, 0.024072448, -0.033056248, 0.012918742, -0.052710451, 0.033916235, 0.14651948, -0.045925532, 0.041671537, 0.14021638, -0.14826746, -0.035610672, -0.017757695, -0.04994813, -0.10781205, -0.0022691453, 0.12020425, 0.0061521176, -0.094241865, 0.045128919, -0.002986599, -0.07878831, -0.0066221952, 0.0012435564, -0.051063929, -0.1192044, 0.064634882, -0.11585104, 0.019974407, 0.079560317, 0.074413083, -0.035857078, 0.017190419, 0.0118305, -0.070483141, 0.075995825, 0.028356733, -0.12899216, 0.097592078, 0.11918063, -0.067653775, -0.042438228, 0.0083987201, 0.023874732, 0.058657322, 0.030526092, 0.043769654, 0.14340347, 0.046081066, 0.10927051, -0.057963308, 0.11229216, -0.05289834, 0.028447825, 0.15016507, -0.0045746919, 0.054938801, -0.036863334, -0.053001568, 0.011513194, -0.01982558, -0.16150935, -0.11701178, 0.20725414, -0.021084171, -0.14628868, -0.049152888, -0.033151332, -0.030459685, 0.077987947, 0.054292612, 0.0063457373, -0.02210192, 0.10760535, -0.13513122, 0.025637347, 0.072117299, -0.01902258, -0.041056458, 0.090343885, -0.62644196, 0.051059619, 0.12720816, -0.028396735, 0.027996792, 0.032480307, -0.019101808, -0.017219614, -0.04134623, 0.0064622094, -0.048378117, -0.029801974, 0.016354913, 0.00064305618, 0.055666924, 0.059859499, -0.015875621, -0.070672199, -0.010117465, 0.048563473, 0.049024224, -0.022706307, -0.040217098, -0.026223652, -0.0059502567, -0.042927768, 0.018006427, -0.062290344, -0.041996423, 0.011026453, 0.04304301, -0.03699838, 0.072721235, -0.042702541, 0.017307384, -0.74550736, 0.020082597, 0.083200008, 0.068791501, -0.004019002, -0.0041281055, -0.044485345, -0.0054221577, -0.026198728, -0.067823343, -0.036005232, -0.062349733, 0.042313833, 0.0021924903, -0.037433956, 0.081538305, -0.04170648, 0.028374346, -0.088969469, -0.052265607, -0.060615305, 0.061756693, 0.018313918, 0.0013943079, -0.11111602, -0.1318915, 0.055978067, -0.045923848, 0.12380637, 0.056899115, 0.064872116, -0.013086925, 0.12489903, -0.027527694, -0.026342344, 0.04116834, 0.037280902, -0.028479202, 0.052566998, -0.021841805, 0.030253988, -0.046563771, -0.036398683, -0.13050613, -0.084331818, 0.11566072, 0.0063956552, -0.046216726, -0.031867232, -0.01044327, -0.11203612, -0.0088561941, -0.052425269, 0.048223615, 0.044688702, 0.14382468, -0.070510924, -0.014634307, -0.074264556, 0.17261657, -0.0031816501, -0.025208499, -0.057453051, -0.0033724057, 0.20979689, 0.059774347, 0.079139911, -0.013013194, -0.070748277, 0.072177738, -0.033635497, -0.026523076, 0.022003382, -0.090151399, 0.023308806, 0.093823507, -0.14285839, 0.12581481, -0.19551261, -0.0448438, -0.065718733, 0.004929075, -0.069956183, 0.0033149971, -0.00066830876, -0.024577746, 0.013476842, 0.064835303, 0.029418807, -0.028237609, -0.10766033, 0.043485157, -0.0057153585, 0.013481883, -0.077656381, -0.076554894, -0.0413488, -0.042669151, -0.052736994, 0.083341226, 0.08920864, 0.031530224, 0.12676512, -0.012435962, 0.14115249, -0.10606536, -0.012970313, -0.089207262, -0.17541233, -0.060959503, -0.0087083355, 0.0082932729, -0.048859574, -0.045337383, -0.056348197, 0.26743081, 0.070299655, -0.047180202, 0.0067654573, -0.0034178817, 0.024567805, 0.18044931, -0.0020478815, 0.11532945, 0.017915735, -0.14186032, -0.017164994, 0.012025151, 0.35945037, -0.15036482, 0.096610099, 0.011898746, -0.041978456, -0.16784531, 0.054210622, 0.033390388, 0.022131659, 0.035099309, 0.021233659, 0.09133058, 0.091461621, 0.056391723, -0.0061243451, 0.010130268, -0.1351504, -0.040406141, -0.0046043107, 0.08415173, 0.10246492, -0.10649531, -0.19424842, 0.035516344, -0.0012549229, -0.1193278, 0.010537129, -0.0056641209, -0.09040349, 0.025200695, 0.00247817, 0.15210627]
12	[-0.11528329, 0.086210296, 0.028363131, 0.036486465, 0.029022934, 0.05266609, 0.020343632, -0.096186414, -0.047299165, 2.0788701, -0.16066064, -0.050408933, 0.064540155, -0.079507031, -0.033853576, -0.072558865, -0.043626435, 0.76922828, -0.15530282, -0.0145638, 0.06078779, -0.01695046, 0.0088916998, -0.057284024, 0.052051868, 0.021008767, -0.033418108, -0.0018511027, 0.014830174, -0.01527561, -0.020444874, 0.011044267, 0.038291413, 0.1649342, 0.051063474, -0.098551601, -0.055822477, -0.02812719, 0.00032684705, -0.0063851397, 0.12856488, 0.12620786, -0.039907373, -0.065488398, 0.052388199, -0.044689726, -0.08856234, 0.0023704867, 0.055784203, 0.027355297, 0.068590738, -0.011582413, -0.065816097, 0.047721006, -0.0073170601, 0.044331353, 0.026822796, -0.061847799, 0.034802236, -0.071737386, -0.023392323, 0.010507734, -0.0236663, 0.12648031, 0.07634411, -0.08767923, -0.026324665, 0.016773002, 0.00052155653, 0.069723703, 0.043427516, -0.068388537, 0.054957975, 0.023617128, -0.018286165, 0.0037723952, 0.033601951, -0.05789214, -0.10752543, 0.079139858, 0.053057704, 0.16525374, -0.067933008, 0.0125833, -0.00040179989, -0.12525681, -0.3281852, -0.13652891, 0.0931357, 0.0043813684, -0.12055906, -0.018938037, -0.07023003, -0.062940836, 0.10101546, -0.12863097, -0.077993289, -0.0032172985, 0.071309641, -0.10558431, 0.014883322, 0.026271679, -0.10045671, -0.070516557, 0.070882432, -0.53822708, 0.02867689, 0.067854501, -0.042069335, -0.027218489, 0.043197379, 0.056599274, -0.039761577, -0.0069248439, 0.0010296605, -0.077693306, -0.033416152, 0.058973927, 0.041241333, -0.028945835, 0.003536229, 0.044398762, -0.055325441, -0.10123285, -0.046125211, 0.051189747, -0.062052712, -0.028809875, -0.10872636, 0.005665909, -0.083055131, 0.0020658644, -0.065620698, -0.10528279, 0.0098413015, 0.058042452, -0.0014644094, 0.11808498, 0.053047102, -0.065196365, -0.6499846, 0.023846179, 0.052002531, 0.030663732, 0.024623467, -0.0190759, -0.0318086, -0.0061966032, -0.09579175, -0.051865529, -0.096486174, -0.051960036, 0.023469551, -0.018358562, -0.01919652, 0.033860229, -0.053093717, -0.016729133, -0.1093417, -0.038947336, -0.010241766, 0.0025725961, -0.0088703278, -0.053335343, -0.14105187, -0.067178503, 0.065460861, -0.064791143, 0.15734096, 0.0038332641, -0.0028092002, -0.029397603, 0.0049209599, -0.029590031, -0.014469033, 0.031638537, -0.037128899, 0.081738301, 0.011271051, -0.010047495, -0.043913487, -0.1053268, -0.062748663, -0.10901353, -0.018982468, 0.12239769, -0.0096541885, 0.020153102, 0.066334099, 0.020576699, -0.1285079, 0.012720034, -0.13916241, 0.091577105, -0.067081437, 0.1702835, 0.032501094, -0.020215619, -0.1285464, 0.10470974, -0.00012034426, 0.090670832, -0.052292626, 0.063191891, 0.20345682, 0.052759435, 0.071567222, 0.063322566, 0.018778197, 0.011730866, 0.035270646, 0.010357157, 0.017266819, -0.05186015, 0.043834295, 0.10704334, -0.11782716, 0.0080538699, -0.069427133, 0.026286904, -0.090986304, 0.022472458, -0.13737789, 0.092581607, -0.024207199, -0.019308345, 0.050410468, 0.0723029, 0.10433778, 0.055695198, -0.10334589, 0.074715756, 0.053618889, -0.064126603, -0.11616533, -0.07342454, -0.077416763, -0.041664366, -0.010026334, 0.038520567, 0.01340312, -0.002578862, 0.071896769, -0.008766734, 0.096814916, -0.15005538, -0.02418215, -0.075377665, -0.064428538, -0.027440161, -0.043144558, 0.054207433, -0.031800531, -0.07174062, 0.062051665, 0.10858807, 0.1033428, 0.032979265, -0.088168472, -0.10640917, 0.056892864, 0.15695009, -0.0009132385, 0.086134382, -0.028313089, -0.17883843, -0.05912073, -0.078885511, 0.30912632, -0.082920805, 0.13408729, -0.017665718, -0.061697792, -0.11638261, -0.035606243, 0.059884828, 0.097886816, -0.0042137513, 0.029104542, 0.15867178, 0.11462049, 0.090512425, -0.030493569, 0.030474495, -0.11265685, -0.099573709, 0.047315255, 0.020240368, 0.057209767, -0.089906558, -0.15314533, 0.029291065, 0.083138362, -0.070156783, 0.06121688, -0.0090828631, -0.0021235982, 0.047689863, -0.06156062, 0.15220673]
13	[-0.026326684, 0.11183058, -0.094705239, 0.033953771, 0.041028582, -0.046416517, -0.01736173, -0.077748671, 0.040487844, 2.2143769, -0.11067864, 0.011761959, 0.00054457667, -0.064818032, -0.1680413, -0.013081654, -0.070101283, 0.91373289, -0.21025974, -0.037051097, -0.034213502, -0.0031060746, -0.040223081, -0.012344142, 0.018362168, -0.051693376, 0.0026033469, 0.0050288863, -0.065142527, -0.038695928, -0.022941189, 0.14650726, 0.029823216, 0.046463829, 0.025106389, -0.092733689, -0.097807929, -0.084359497, -0.014835339, -0.054200437, 0.059869584, 0.13498113, -0.010609745, -0.042285822, -0.018787462, 0.073156312, -0.1638961, -0.010493875, 0.03921799, -0.059774, -0.070840076, -0.030951999, -0.061732274, 0.040840678, 0.021435615, 0.060543794, -0.04385319, -0.062032387, 0.036659941, -0.03028119, 0.052684449, 0.0081864251, 0.022335382, 0.16033, 0.054181121, -0.080936566, 0.03700085, 0.10611457, -0.084592238, 0.010634998, 0.028846933, 0.0134505, 0.15423058, 0.015275537, 0.11259464, -0.055737808, 0.15997335, -0.033387553, -0.030980583, 0.16841754, 0.0068155597, 0.13914627, -0.12550746, -0.051544327, -0.026964795, -0.037451968, -0.25165743, -0.094509669, 0.16467382, 0.044330496, -0.062434949, -0.037275545, -0.0197952, 0.0070019593, 0.049247947, -0.033390962, 0.063061044, 0.011107575, 0.074855775, -0.064031392, 0.0093059223, 0.068099923, -0.071748078, -0.098012671, -0.0094331186, -0.83948928, 0.070540421, 0.094018422, -0.029782873, -0.018817399, 0.066806883, 0.029305577, 0.032037806, -0.025784887, -0.0059453077, -0.050401535, -0.053523388, 0.07789956, 0.035044923, 0.049020663, 0.07133133, -0.011928814, -0.081684463, 0.048911981, -0.040679522, 0.042611577, -0.054331925, -0.094403058, -0.065899827, -0.058979902, -0.041235134, -0.022062302, -0.059878405, -0.0839452, 0.0076209526, 0.10070074, 0.020143725, 0.060296118, -0.021580948, -0.020572763, -0.72558999, -0.025974657, 0.13661534, 0.033741716, 0.0033050007, -0.011395356, -0.093275629, 0.034983315, -0.061051924, -0.030908419, -0.047405381, -0.038609579, 0.10156234, -0.045408268, -0.087941781, 0.086592235, 0.0056259953, 0.061608717, -0.098099671, -0.066823989, -0.028144844, 0.080113128, -0.035607997, -0.14963746, -0.11784305, -0.14427285, 0.0073736636, -0.052159585, 0.1277338, -0.013021307, 0.030581303, -0.028605925, 0.12105685, -0.0061904937, -0.11256286, 0.10768319, -0.019195639, 0.014873062, 0.076111689, -0.044569273, -0.0044793044, -0.13213754, -0.084899954, -0.065948769, -0.046493884, 0.010725338, -0.031815495, 0.011783729, -0.044825342, -0.025452193, -0.083480507, 0.0040350002, -0.20089468, 0.1123975, 0.0028174648, 0.17326562, 0.010677557, -0.019851457, -0.10529304, 0.20102304, 0.023988588, -0.013079197, -0.064091727, 0.038175292, 0.17463896, 0.12540135, 0.051708605, -0.032053471, -0.029915007, 0.025355848, 0.002860839, -0.0094805788, -0.052835826, -0.077446237, 0.065505937, 0.10722454, -0.14079235, 0.020571925, -0.13255057, -0.012609093, 0.0090533085, 0.027396612, -0.08251287, 0.11695261, -0.060954694, -0.085085914, 0.1016372, 0.10688826, 0.074297614, 0.044152644, -0.020224687, 0.024552973, -0.0031423059, -0.031605735, -0.01068273, -0.031257812, -0.013596533, -0.0013762891, -0.049270768, 0.088041306, -0.0013245877, -0.022685654, 0.069991417, 0.029961618, 0.1114004, -0.073962502, -0.084735557, -0.043669812, -0.18039754, -0.15549339, 0.0084523596, -0.019430088, -0.028380303, -0.027975768, 0.0089344988, 0.2064086, 0.076543897, -0.10716864, 0.041494455, 0.031388775, 0.10679682, 0.18473639, -0.036973268, 0.14292254, 0.063196599, -0.10418145, -0.031583074, -0.0015704089, 0.33034405, -0.16599107, 0.19622485, 0.064919263, -0.12638548, -0.1508383, 0.047460314, 0.085737184, 0.016595734, -0.0061530895, 0.044127073, 0.125423, 0.087335125, 0.085880056, -0.012478676, 0.0081509622, -0.11133247, -0.017361635, 0.019640647, 0.0055166557, 0.060641851, -0.057368502, -0.15325576, -0.0038209071, 0.011700312, -0.084219046, 0.0027614012, -0.0063869613, 0.017780382, 0.00088399823, -0.051782429, 0.076049194]
14	[0.019212682, 0.24880703, -0.081087328, -0.024673404, 0.045197245, -0.044602241, -0.014274544, -0.099132091, -0.013850352, 2.382174, -0.11180536, 0.0065510026, 0.092369087, -0.074237145, -0.11614946, -0.063586675, -0.083860055, 0.90180761, -0.24682848, -0.014265001, 0.04930963, -0.035821777, -0.048078496, -0.016854582, -0.010707024, 0.057582788, -0.10184275, -0.063415855, -0.030892015, -9.2731207e-05, -0.019756017, 0.1204489, -0.018962914, 0.09266118, 0.00047465586, -0.049283642, -0.022733664, 0.023200819, -0.064474568, -0.04581837, -0.040901218, 0.084898129, -0.029759871, -0.06125427, 0.11500289, 0.066647209, -0.19652067, -0.049506079, 0.060414545, 0.0025765633, -0.057168797, 0.024581641, -0.053658426, 0.0059544733, 0.12588191, 0.042145286, 0.0025753616, -0.1212832, 0.039676722, -0.091923125, -0.0078353062, -0.0041829851, -0.058215756, 0.18609071, 0.016327977, -0.12622435, 0.010019748, 0.046719026, 0.021417988, 0.10888141, 0.077489503, -0.014391408, 0.086333953, -0.019596858, 0.083761886, 0.079323389, 0.10173945, -0.070085488, -0.16737108, 0.13182355, 0.048114553, 0.16086711, -0.14885966, -0.050499782, 0.11141167, -0.19061844, -0.11520912, -0.23378587, 0.24025898, 0.048950322, -0.10933857, -0.0074676718, -0.095728748, 0.054029681, 0.0742089, -0.053435937, 0.047147349, -0.069761977, 0.023561893, -0.037380833, 0.005259729, 0.013060452, -0.076513827, -0.056462746, 0.082408838, -0.66564435, 0.15609576, 0.0084866537, 0.0024926297, 0.017842047, 0.017947223, -0.1681041, 0.078872271, -0.009720007, 0.057386603, -0.0758183, 0.008445031, 0.064897656, 0.011426639, -0.040444061, 0.063843489, -0.034412559, -0.013877089, -0.06345474, 0.037904225, 0.081255801, -0.086587809, -0.1713587, -0.027776947, 0.038778257, 0.03202964, -0.015667483, -0.10324347, 0.057180066, 0.10125394, -0.048382316, -0.029097898, 0.12767495, -0.0066512297, -0.062315233, -1.0740211, 0.078283988, 0.088080846, 0.0051931953, 0.020552138, -0.054626144, -0.15251108, 0.054284465, -0.036658484, -0.084116511, -0.021826675, -0.012699028, 0.029624462, -0.0081773922, -0.036660951, -0.08881323, -0.07478562, -0.021934258, -0.059261471, -0.10941303, -0.049792204, 0.051892422, -0.031233311, -0.063167401, -0.087029345, -0.072248906, 0.12476586, -0.051179208, 0.12120028, 0.015538328, -0.0093506975, -0.056133255, 0.085304432, -0.13363014, -0.09243805, 0.10335314, 0.001633745, 0.027219802, 0.03123671, -0.048179738, -0.050911356, -0.065160207, -0.077382766, -0.00055825867, -0.079600185, 0.010245819, -0.056944609, -0.018851416, 0.14686379, 0.051399052, -0.031523202, 0.059152141, -0.18318145, 0.045947775, 0.050039697, 0.19851232, -0.038875032, -0.11191038, -0.055250932, 0.11550407, -0.01610855, 0.0022714529, -0.087054171, -0.014443169, 0.23804338, 0.015837694, 0.045655344, -0.038982335, 0.075077415, 0.036142964, -0.047871832, -0.070883431, -0.0030376259, -0.12113103, 0.010638938, 0.096551172, -0.082066014, -0.010432243, -0.10874738, 0.0091097904, 0.023189966, -0.06397821, -0.063185446, 0.022375712, -0.079583339, 0.050121844, 0.10416448, 0.11016399, 0.039217886, 0.0334667, -0.08425574, 0.1012499, 0.048315376, 0.099135213, -0.15149938, -0.077502348, 0.0010038093, -0.096557699, -0.14332031, 0.093389161, 0.069915816, 0.028289087, 0.042266097, 0.14241315, 0.11589924, -0.19398232, -0.074143119, -0.023444369, -0.14014614, 0.089977555, 0.011658689, -0.089663781, -0.010704582, -0.023592414, 0.078646861, 0.22200464, 0.089106552, -0.07728105, -0.07415092, 0.0059863515, 0.17789754, 0.13561228, -0.068878062, 0.11969486, 0.077633105, -0.040742896, 0.0094901584, 0.053612079, 0.28542987, -0.0016694223, 0.17209564, 0.041907046, -0.086474687, -0.15107416, -0.090705745, 0.025212349, -0.017929053, 0.060474299, 0.088703506, 0.18885131, 0.14469427, 0.038981713, -0.022079075, -0.00090423611, -0.083362706, -0.077303275, 0.163598, -0.011196421, 0.11294712, 0.011649261, -0.14839382, 0.05527826, 0.0081127435, -0.039218683, 0.096594788, -0.028882911, -0.091170192, 0.068305567, 0.016939025, 0.13274907]
